Image,Round,GraphAttempt,SpatialDegree,SpatialRho,SpatialGap,MultiplexDegree,MultiplexRho,MultiplexGap,Generators
Gastrointestinal endoscopy image.jpg,1,1,6,0.837387991781331,0.162612008218669,8,0.776978610997868,0.223021389002132,15 34 118 58 103 8 
Gastrointestinal endoscopy image.jpg,2,1,6,0.751432689690025,0.248567310309975,8,0.698717198714866,0.301282801285134,53 66 80 136 34 149 
Gastrointestinal endoscopy image.jpg,3,1,6,0.869378206272691,0.130621793727309,8,0.834537661656596,0.165462338343404,34 103 147 112 66 86 
Gastrointestinal endoscopy image.jpg,4,1,6,0.735702260395519,0.264297739604481,8,0.744075547601546,0.255924452398454,149 42 95 80 1 118 
Gastrointestinal endoscopy image.jpg,5,1,6,0.782332469509258,0.217667530490742,8,0.74499835461505,0.25500164538495,47 86 58 131 1 112 
Gastrointestinal endoscopy image.jpg,6,1,6,0.850693566232394,0.149306433767606,8,0.749317429883569,0.250682570116431,34 165 103 1 136 80 
Gastrointestinal endoscopy image.jpg,7,1,6,0.887234046014414,0.112765953985586,8,0.815313623608744,0.184686376391256,34 86 66 147 53 131 
Gastrointestinal endoscopy image.jpg,8,1,6,0.854631306815105,0.145368693184895,8,0.7415684920168,0.2584315079832,165 131 149 80 15 66 
Glaucoma retinal image.png,1,1,6,0.766365484722531,0.233634515277469,8,0.726383042831077,0.273616957168923,53 95 149 66 8 1 
Glaucoma retinal image.png,2,2,6,0.841895706955176,0.158104293044824,8,0.717130448167216,0.282869551832784,8 47 95 66 34 131 
Glaucoma retinal image.png,3,1,6,0.814828233481553,0.185171766518447,8,0.705507569213489,0.294492430786511,47 149 95 42 15 86 
Glaucoma retinal image.png,4,1,6,0.760258802134805,0.239741197865195,8,0.715714138450525,0.284285861549475,118 53 131 160 136 95 
Glaucoma retinal image.png,5,2,6,0.773537253857864,0.226462746142136,8,0.700753944567025,0.299246055432975,131 53 112 149 8 42 
Glaucoma retinal image.png,6,1,6,0.706011329583299,0.293988670416701,8,0.695599268396153,0.304400731603847,160 1 15 95 58 80 
Glaucoma retinal image.png,7,1,6,0.726911461030972,0.273088538969028,8,0.689118879699027,0.310881120300973,34 58 136 147 66 131 
Glaucoma retinal image.png,8,1,6,0.864556658793581,0.135443341206419,8,0.812970318964396,0.187029681035604,149 80 86 136 47 15 
Healthy retinal fundus image.jpg,1,1,6,0.864807302304788,0.135192697695212,8,0.765810376260422,0.234189623739578,95 34 103 1 160 47 
Healthy retinal fundus image.jpg,2,2,6,0.844839204907301,0.155160795092699,8,0.811774752060411,0.188225247939589,8 47 118 86 147 34 
Healthy retinal fundus image.jpg,3,1,6,0.776892274462275,0.223107725537725,8,0.687144317039226,0.312855682960774,136 1 160 47 15 53 
Healthy retinal fundus image.jpg,4,1,6,0.728713553878169,0.271286446121831,8,0.746559405712485,0.253440594287515,42 86 34 8 1 160 
Healthy retinal fundus image.jpg,5,1,6,0.72871355387817,0.27128644612183,8,0.740096558205826,0.259903441794174,86 149 160 165 112 42 
Healthy retinal fundus image.jpg,6,1,6,0.811753327090183,0.188246672909817,8,0.736963666979213,0.263036333020787,103 95 80 58 34 118 
Healthy retinal fundus image.jpg,7,1,6,0.735702260395518,0.264297739604482,8,0.677071458540616,0.322928541459384,118 53 47 80 131 165 
Healthy retinal fundus image.jpg,8,1,6,0.774291885177433,0.225708114822567,8,0.757640221511342,0.242359778488658,34 131 147 15 103 80 
Car Interior.jpg,1,1,6,0.833333333333334,0.166666666666666,8,0.777382580438606,0.222617419561394,42 165 131 160 8 66 
Car Interior.jpg,2,1,6,0.794193361627495,0.205806638372505,8,0.726337374644172,0.273662625355828,112 58 103 8 1 95 
Car Interior.jpg,3,1,6,0.771663242210832,0.228336757789168,8,0.736562905995524,0.263437094004476,136 15 95 131 8 58 
Car Interior.jpg,4,1,6,0.813670090809512,0.186329909190488,8,0.726186240744252,0.273813759255748,1 58 118 80 165 34 
Car Interior.jpg,5,1,6,0.837387991781332,0.162612008218668,8,0.759373824155359,0.240626175844641,8 34 131 136 147 149 
Car Interior.jpg,6,1,6,0.775147962978864,0.224852037021136,8,0.737619475396478,0.262380524603522,149 1 118 8 112 136 
Car Interior.jpg,7,1,6,0.841895706955173,0.158104293044827,8,0.806922509627431,0.193077490372569,112 165 149 136 42 86 
Car Interior.jpg,8,1,6,0.714969603142375,0.285030396857625,8,0.74415749177513,0.25584250822487,118 112 131 160 8 149 
City_and_The_Sunset.jpg,1,1,6,0.833333333333335,0.166666666666665,8,0.794838334836336,0.205161665163664,165 118 160 66 42 34 
City_and_The_Sunset.jpg,2,1,6,0.776638078741844,0.223361921258156,8,0.752323793474869,0.247676206525131,34 131 112 103 86 8 
City_and_The_Sunset.jpg,3,1,6,0.858617788774866,0.141382211225134,8,0.738632313869627,0.261367686130373,1 80 86 131 47 66 
City_and_The_Sunset.jpg,4,1,6,0.755678366120457,0.244321633879543,8,0.733812697372262,0.266187302627738,8 1 95 131 47 103 
City_and_The_Sunset.jpg,5,1,6,0.856848716232291,0.143151283767709,8,0.759991086980444,0.240008913019556,103 160 149 147 58 118 
City_and_The_Sunset.jpg,6,1,6,0.804798805441771,0.195201194558229,8,0.734709668031565,0.265290331968435,47 136 58 131 15 149 
City_and_The_Sunset.jpg,7,1,6,0.755678366120456,0.244321633879544,8,0.74220099668704,0.25779900331296,118 34 47 15 160 80 
City_and_The_Sunset.jpg,8,1,6,0.841895706955174,0.158104293044826,8,0.748075706707564,0.251924293292436,42 1 131 47 160 53 
Indian_Railways_Train_in_2025.jpg,1,1,6,0.754819659549062,0.245180340450938,8,0.723613314048583,0.276386685951417,47 53 165 15 131 42 
Indian_Railways_Train_in_2025.jpg,2,1,6,0.756343974158096,0.243656025841904,8,0.712014226019924,0.287985773980076,58 34 53 149 112 15 
Indian_Railways_Train_in_2025.jpg,3,1,6,0.842941558410737,0.157058441589263,8,0.79269053186047,0.20730946813953,66 118 95 86 42 112 
Indian_Railways_Train_in_2025.jpg,4,1,6,0.794619339667537,0.205380660332463,8,0.747589204315603,0.252410795684397,118 160 47 149 165 131 
Indian_Railways_Train_in_2025.jpg,5,1,6,0.748477269226839,0.251522730773161,8,0.715222188631639,0.284777811368361,34 95 47 136 66 103 
Indian_Railways_Train_in_2025.jpg,6,1,6,0.735702260395517,0.264297739604483,8,0.731770424560219,0.268229575439781,147 86 95 1 131 136 
Indian_Railways_Train_in_2025.jpg,7,2,6,0.726783801126326,0.273216198873674,8,0.720178391602162,0.279821608397838,165 131 47 66 103 86 
Indian_Railways_Train_in_2025.jpg,8,1,6,0.748477269226839,0.251522730773161,8,0.724625643847005,0.275374356152995,112 165 66 160 34 42 
